{
  "dataset": "yelpchi",
  "n_train": 36764,
  "n_test": 9190,
  "models": [
    {
      "model": "TF-IDF + SVM",
      "metrics": {
        "macro_f1": 0.4576812025058566,
        "f1_fake": 0.006476683937823834,
        "f1_genuine": 0.9088857210738893,
        "precision_fake": 0.625,
        "recall_fake": 0.0032552083333333335,
        "precision_genuine": 0.8332607275103463,
        "recall_genuine": 0.9996080480794356,
        "accuracy": 0.8330794341675735,
        "auc_roc": 0.7295734613845701,
        "train_time_seconds": 12.5
      }
    },
    {
      "model": "TF-IDF + LogReg",
      "metrics": {
        "macro_f1": 0.6381037150241925,
        "f1_fake": 0.43419740777667,
        "f1_genuine": 0.842010022271715,
        "precision_fake": 0.3517770597738288,
        "recall_fake": 0.5670572916666666,
        "precision_genuine": 0.9009532320524277,
        "recall_genuine": 0.7903057224980402,
        "accuracy": 0.7529923830250272,
        "auc_roc": 0.7499872836779243,
        "train_time_seconds": 10.51
      }
    },
    {
      "model": "Behavior + RandomForest",
      "metrics": {
        "macro_f1": 0.4876281610767407,
        "f1_fake": 0.07683863885839737,
        "f1_genuine": 0.898417683295084,
        "precision_fake": 0.24475524475524477,
        "recall_fake": 0.045572916666666664,
        "precision_genuine": 0.8353548966756514,
        "recall_genuine": 0.9717794617193625,
        "accuracy": 0.816974972796518,
        "auc_roc": 0.6724103614123335,
        "train_time_seconds": 0.78
      }
    }
  ]
}