{
  "metadata": {
    "dataset": "YelpCHI",
    "timestamp": "2026-04-09T04:35:13.677738",
    "notes": "YelpCHI dataset (45,954 reviews, 14.5% fake). Features are 32 pre-computed behavioral/metadata features from .mat file. No raw review text in .mat format, so text-branch uses PCA projection of features. Temporal splits approximated by random stratified split (no timestamps in .mat).",
    "n_samples": 45954,
    "n_features": 32,
    "n_fake": 6677,
    "n_genuine": 39277,
    "fake_rate": 0.14529747138442792
  },
  "baselines": {
    "SVM": {
      "auc_roc": 0.8373569291318449,
      "macro_f1": 0.712558122767845,
      "weighted_f1": 0.8458494916208639,
      "precision_fake": 0.4519621109607578,
      "recall_fake": 0.6252339947585174,
      "precision_genuine": 0.9318444883230067,
      "recall_genuine": 0.871109413786519,
      "accuracy": 0.8353824393428354,
      "confusion_matrix": [
        [
          13686,
          2025
        ],
        [
          1001,
          1670
        ]
      ]
    },
    "Logistic Regression": {
      "auc_roc": 0.7714627421484579,
      "macro_f1": 0.6076605150604589,
      "weighted_f1": 0.7504399892322432,
      "precision_fake": 0.28960356631109696,
      "recall_fake": 0.6810183451890678,
      "precision_genuine": 0.9295925956532518,
      "recall_genuine": 0.7159951626249125,
      "accuracy": 0.710912849526711,
      "confusion_matrix": [
        [
          11249,
          4462
        ],
        [
          852,
          1819
        ]
      ]
    },
    "Random Forest": {
      "auc_roc": 0.9256956085848752,
      "macro_f1": 0.71973419582649,
      "weighted_f1": 0.8785871422307665,
      "precision_fake": 0.89453125,
      "recall_fake": 0.34294271808311494,
      "precision_genuine": 0.8988938817836156,
      "recall_genuine": 0.9931258354019477,
      "accuracy": 0.8986508540963987,
      "confusion_matrix": [
        [
          15603,
          108
        ],
        [
          1755,
          916
        ]
      ]
    }
  },
  "behavior_mlp": {
    "auc_roc": 0.8025090076439418,
    "macro_f1": 0.6227512895763615,
    "weighted_f1": 0.7558606361452365,
    "precision_fake": 0.30602923264311815,
    "recall_fake": 0.752527143391988,
    "precision_genuine": 0.9440494328762485,
    "recall_genuine": 0.7098847940933104,
    "accuracy": 0.7160809487542161,
    "confusion_matrix": [
      [
        11153,
        4558
      ],
      [
        661,
        2010
      ]
    ]
  },
  "text_mlp": {
    "auc_roc": 0.7765497235600132,
    "macro_f1": 0.6160093293399661,
    "weighted_f1": 0.7619299535436863,
    "precision_fake": 0.29860163710777626,
    "recall_fake": 0.6555597154623737,
    "precision_genuine": 0.9265058316024924,
    "recall_genuine": 0.7382088982241741,
    "accuracy": 0.7261995430312262,
    "confusion_matrix": [
      [
        11598,
        4113
      ],
      [
        920,
        1751
      ]
    ]
  },
  "fusion_mlp": {
    "auc_roc": 0.8665017470536289,
    "macro_f1": 0.7055693537827783,
    "weighted_f1": 0.8282506006826075,
    "precision_fake": 0.4110704110704111,
    "recall_fake": 0.7562710595282666,
    "precision_genuine": 0.9516632016632016,
    "recall_genuine": 0.8157978486410795,
    "accuracy": 0.8071482972473072,
    "confusion_matrix": [
      [
        12817,
        2894
      ],
      [
        651,
        2020
      ]
    ]
  },
  "ablation": {
    "Full Features (ReviewGuard)": {
      "auc_roc": 0.8687373971087321,
      "macro_f1": 0.7231782458601944,
      "weighted_f1": 0.8471969232264082,
      "precision_fake": 0.45270599707459774,
      "recall_fake": 0.6952452265069262,
      "precision_genuine": 0.9429971988795518,
      "recall_genuine": 0.8571064859015977,
      "accuracy": 0.8335872048743336,
      "confusion_matrix": [
        [
          13466,
          2245
        ],
        [
          814,
          1857
        ]
      ]
    },
    "Behavior Branch Only": {
      "auc_roc": 0.802214839400391,
      "macro_f1": 0.6200652734885649,
      "weighted_f1": 0.7526854585149131,
      "precision_fake": 0.3033303330333033,
      "recall_fake": 0.7570198427555223,
      "precision_genuine": 0.9446056674632981,
      "recall_genuine": 0.7044109222837502,
      "accuracy": 0.7120552714612121,
      "confusion_matrix": [
        [
          11067,
          4644
        ],
        [
          649,
          2022
        ]
      ]
    },
    "Text Branch Only": {
      "auc_roc": 0.7778122318465641,
      "macro_f1": 0.6210548069362781,
      "weighted_f1": 0.7687872345492384,
      "precision_fake": 0.30468889285077555,
      "recall_fake": 0.6398352676900038,
      "precision_genuine": 0.9246848821733343,
      "recall_genuine": 0.7517662784036662,
      "accuracy": 0.7355021216407355,
      "confusion_matrix": [
        [
          11811,
          3900
        ],
        [
          962,
          1709
        ]
      ]
    }
  },
  "cross_validation": {
    "Logistic Regression": {
      "auc_roc": {
        "mean": 0.7739039112016931,
        "std": 0.00839681436883428
      },
      "macro_f1": {
        "mean": 0.6071161364532269,
        "std": 0.004502045146277252
      },
      "weighted_f1": {
        "mean": 0.7474965704231882,
        "std": 0.0032689194303248048
      },
      "accuracy": {
        "mean": 0.7067936426903879,
        "std": 0.0039768090463629035
      },
      "precision_fake": {
        "mean": 0.28932308303443033,
        "std": 0.004789618250378031
      },
      "recall_fake": {
        "mean": 0.6989671219359035,
        "std": 0.014428279134106116
      }
    },
    "Random Forest": {
      "auc_roc": {
        "mean": 0.9310021396315239,
        "std": 0.0025363692483210683
      },
      "macro_f1": {
        "mean": 0.7442129334331842,
        "std": 0.00931044110547926
      },
      "weighted_f1": {
        "mean": 0.8877436903336727,
        "std": 0.0037352369968380794
      },
      "accuracy": {
        "mean": 0.9042519761667782,
        "std": 0.0027259843926623465
      },
      "precision_fake": {
        "mean": 0.8882992093120364,
        "std": 0.013525088497657937
      },
      "recall_fake": {
        "mean": 0.3899942811007199,
        "std": 0.016058201651639063
      }
    },
    "ReviewGuard MLP": {
      "auc_roc": {
        "mean": 0.8693190793832276,
        "std": 0.004463992281814738
      },
      "macro_f1": {
        "mean": 0.6960406852463207,
        "std": 0.007094253798701247
      },
      "weighted_f1": {
        "mean": 0.8185646274581136,
        "std": 0.006824298203506768
      },
      "accuracy": {
        "mean": 0.7942287346672225,
        "std": 0.008997068276572656
      },
      "precision_fake": {
        "mean": 0.39483264562409776,
        "std": 0.011180394445379636
      },
      "recall_fake": {
        "mean": 0.7768479894144296,
        "std": 0.015942115900199855
      }
    }
  },
  "feature_importance_rf": {
    "Feature_01": 0.080639786466126,
    "Feature_02": 0.058156202329643775,
    "Feature_03": 0.012050875745486302,
    "Feature_04": 0.0056366979637871625,
    "Feature_05": 0.0014677421275442982,
    "Feature_06": 0.07648127975559788,
    "Feature_07": 0.027765701352660047,
    "Feature_08": 0.033593608047807436,
    "Feature_09": 0.04528141964191804,
    "Feature_10": 0.01657906279272722,
    "Feature_11": 0.020829202760747612,
    "Feature_12": 0.023000029371063314,
    "Feature_13": 0.023205245136087106,
    "Feature_14": 0.03825570254783751,
    "Feature_15": 0.039636437718895114,
    "Feature_16": 0.011392544132484396,
    "Feature_17": 0.01364099977656356,
    "Feature_18": 0.0062763906543640115,
    "Feature_19": 0.09419603636584348,
    "Feature_20": 0.08044905295928846,
    "Feature_21": 0.019250338614007566,
    "Feature_22": 0.022943535003863348,
    "Feature_23": 0.012114665779840349,
    "Feature_24": 0.039179200040698935,
    "Feature_25": 0.01830573179189869,
    "Feature_26": 0.025487378163341564,