{
  "dataset": "yelpchi",
  "model": "ReviewGuard (Fusion)",
  "architecture": {
    "text_dim": 16,
    "behavior_dim": 16,
    "fused_dim": 32,
    "hidden_dims": [
      256,
      64
    ],
    "dropout": 0.3
  },
  "training": {
    "lr": 0.001,
    "batch_size": 128,
    "epochs": 30,
    "gamma": 2.0
  },
  "test_metrics": {
    "loss": 0.03200948807514376,
    "accuracy": 0.8050054406964091,
    "auc_roc": 0.8664561200978791,
    "macro_f1": 0.7149230557031176,
    "precision_fake": 0.44855305466237944,
    "recall_fake": 0.7265625,
    "precision_genuine": 0.937332139659803,
    "recall_genuine": 0.8207473216618761
  },
  "best_val_auc": 0.8664561200978791
}