{
  "dataset": "yelpzip",
  "model": "ReviewGuard (Fusion)",
  "architecture": {
    "text_dim": 768,
    "behavior_dim": 6,
    "fused_dim": 774,
    "hidden_dims": [
      256,
      64
    ],
    "dropout": 0.3
  },
  "training": {
    "lr": 0.001,
    "batch_size": 128,
    "epochs": 30,
    "gamma": 2.0
  },
  "test_metrics": {
    "loss": 0.08699480367321817,
    "accuracy": 0.4970017088705919,
    "auc_roc": 0.5040731277812784,
    "macro_f1": 0.4927634365155996,
    "precision_fake": 0.5190457256461233,
    "recall_fake": 0.3915886729061675,
    "precision_genuine": 0.4828658847526772,
    "recall_genuine": 0.610233936972353
  },
  "best_val_auc": 0.5040731277812784
}